Galaxy ID,Ks,ae,n,epsilon,stellar_mass,z,R.A.,Dec.,Spec.
11051619,16.75,0.9,3.6,0.38,11.94,0.46,214.258865,52.399944,0
12004106,17.13,0.8,6.72,0.11,26.72,0.74,214.37973,52.443295,1
12004308,16.95,0.89,1.23,0.58,18.03,0.64,214.266815,52.412926,0
12004443,17.06,0.48,5.04,0.21,26.96,0.77,214.318298,52.429092,1
12004485,17.59,0.49,2.27,0.6,13.2,0.68,214.3172,52.43425,1
12004493,17.62,0.26,2.19,0.54,11.28,0.63,214.249069,52.427074,1
12004496,16.52,0.96,3.83,0.17,23.86,0.49,214.313721,52.425831,0
12004511,17.31,0.52,4.3,0.15,14.87,0.55,214.274643,52.413155,0
12007872,17.7,1.21,0.35,0.63,13.47,0.8,214.427551,52.479439,0
12007915,16.88,0.88,3.81,0.48,13.3,0.66,214.425552,52.507122,1
12007942,16.72,0.69,4,0.37,20.88,0.54,214.438934,52.485764,0
12008154,16.91,1.82,0.72,0.77,11.43,0.48,214.407578,52.483036,0
12008184,17.37,0.93,3.32,0.47,27.07,0.75,214.387024,52.493938,0
12008228,17.74,0.23,4.46,0.82,13.19,0.74,214.350021,52.503574,0
12008254,17.35,0.58,5.46,0.34,21.51,0.74,214.352905,52.479752,1
12008260,16.87,0.26,5.25,0.34,13.46,0.53,214.33255,52.47337,1
12008288,17.46,0.67,1.89,0,10.26,0.75,214.418991,52.453823,1
12008605,17.24,0.46,6.61,0.39,17.21,0.64,214.286697,52.455635,1
12008914,17.45,0.41,0.88,0.12,13.51,0.78,214.207413,52.49781,1
12011780,17.11,1.23,2.45,0.48,23.93,0.72,214.537003,52.535271,0
12011900,17.92,0.7,7.76,0.58,11.32,0.72,214.545242,52.516075,1
12011905,17.05,0.93,2.43,0.66,14.68,0.72,214.537323,52.512096,1
12011906,17.09,0.94,6.66,0.24,23.81,0.69,214.527252,52.511642,0
12011907,16.33,0.45,3.54,0.54,27.55,0.55,214.566345,52.510162,1
12012180,17.47,0.45,5.48,0.33,18.72,0.7,214.450867,52.521576,0
12012224,17.16,0.26,4.5,0.61,12.56,0.55,214.488632,52.535454,0
12012359,17.27,0.57,8.65,0.32,10.24,0.55,214.345551,52.566929,1
12012504,15.77,2.4,3.71,0.66,14.23,0.33,214.330765,52.560184,1
12012539,17.21,0.48,9.56,0.69,18.23,0.63,214.387344,52.567089,0
12012566,16.73,1.17,4.92,0.06,13.04,0.48,214.351395,52.537338,1
12012596,18.15,0.37,4.2,0.18,11.13,0.75,214.405334,52.511482,0
12012829,17.07,1.05,6.58,0.24,23.88,0.74,214.309052,52.509697,1
12015451,17.17,1.07,5.5,0.42,16.83,0.71,214.65683,52.619644,1
12016013,17.38,0.59,4.45,0.33,13,0.64,214.576859,52.617817,1
12016021,17.25,0.45,5.27,0.3,20.59,0.71,214.568893,52.610954,1
12016022,17.55,0.71,1.98,0.52,10.53,0.73,214.590088,52.609844,0
12016025,17.52,0.32,4.97,0.26,14.3,0.72,214.606812,52.607368,1
12016031,16.34,0.92,6.29,0.17,23.92,0.53,214.586807,52.60305,0
12016054,17.27,0.7,4.48,0.32,16.07,0.68,214.527649,52.584972,1
12016232,16.82,0.65,5.61,0.1,36.19,0.72,214.474869,52.583729,0
12016360,16.61,1.19,4.39,0.29,35.19,0.68,214.475189,52.582329,1
12016405,16.73,0.83,7.3,0.06,29.13,0.68,214.472549,52.594296,1
12016415,16.76,0.7,4.4,0.22,29.63,0.69,214.495941,52.587372,1
12016429,16.84,0.63,5.72,0.19,26.74,0.68,214.471405,52.578007,1
12016431,17.03,1.44,6.91,0.28,24.92,0.72,214.486282,52.576241,1
12016434,17.33,0.54,4.6,0.69,15.6,0.63,214.474503,52.573132,0
12016736,17.19,1.61,2.46,0.37,19.32,0.75,214.362976,52.58606,1
12016750,16.53,0.64,0.38,0.49,36.98,0.72,214.402267,52.619942,1
12016769,17.55,0.37,5.5,0.66,12.05,0.61,214.400314,52.598499,1
12016794,16.85,0.82,7.24,0.07,21.91,0.61,214.39064,52.576633,1
12016795,16.6,1.14,2,0,18.89,0.48,214.396835,52.576443,1
12019603,17.5,0.34,6.73,0.38,13.17,0.68,214.754395,52.666267,1
12019630,16.9,1.53,7.9,0.67,16.41,0.55,214.725418,52.624977,0
12019648,16.66,0.79,3.38,0.26,33.78,0.61,214.749405,52.667866,0
12019651,15.75,1.35,5.04,0.45,10.94,0.26,214.783722,52.664688,1
12019914,16.98,1.06,3.35,0.45,12.45,0.57,214.63739,52.675789,1
12019978,17.69,0.46,5.11,0.76,11.51,0.73,214.635406,52.671951,1
12020007,17.56,0.96,1.56,0.54,10.8,0.72,214.698196,52.678497,1
12020010,16.46,1.04,6.3,0.3,25.39,0.57,214.646194,52.676014,1
12020028,16.06,2.09,5.79,0.37,37.69,0.57,214.622604,52.662529,1
12020055,17.66,0.79,8.47,0.17,11.73,0.72,214.645798,52.643513,1
12020071,15.67,0.89,6.3,0.18,11.24,0.28,214.669418,52.629234,1
12020427,15.66,1.73,7.14,0.34,10.21,0.26,214.558884,52.652359,1
12020437,16.81,0.74,5.28,0.52,11.42,0.58,214.59494,52.639263,1
12020644,17.54,0.51,3,0.7,18.87,0.8,214.505859,52.666767,0
12020977,16.67,0.33,4.66,0.48,33.85,0.71,214.392441,52.626907,0
12021111,17.57,0.79,7.27,0.54,12.97,0.72,214.396576,52.641594,1
12021122,17.45,0.78,6.74,0.49,17.79,0.79,214.392303,52.634354,0
12021129,16.88,1,7.06,0.32,27.69,0.72,214.401398,52.630344,1
12021130,16.27,0.48,4.4,0.23,11.27,0.35,214.390945,52.62957,1
12023748,17.14,1.15,1.12,0.28,24.04,0.71,214.820892,52.694717,0
12023760,15.44,1.11,4.9,0.54,12.94,0.26,214.811844,52.686749,1
12024049,17.2,1.33,1.87,0.49,15.44,0.7,214.76712,52.729439,0
12024057,17.89,0.27,4.16,0.64,10.76,0.74,214.74437,52.712826,1
12024059,16.74,1.96,1,0.83,13.22,0.47,214.802017,52.710606,0
12024104,16.73,0.8,8.39,0.23,11.18,0.45,214.750381,52.713604,1
12024134,16.79,0.63,2.49,0.27,15.12,0.55,214.756668,52.68597,1
12024284,16.4,1.06,7.01,0.09,18.93,0.46,214.638046,52.731194,1
12024503,16.59,0.62,2.2,0.44,30.37,0.64,214.616669,52.702118,1
12024878,17.39,0.57,7.27,0.31,20.18,0.78,214.606125,52.739265,1
12024925,17.28,0.61,2.93,0.32,20.82,0.75,214.595901,52.692516,0
12025308,16.47,0.9,4.04,0.25,38,0.74,214.465179,52.690933,1
12027477,17.43,0.43,5.53,0.71,11.54,0.61,214.929871,52.77639,0
12027666,16.91,1.1,5.79,0,22.56,0.67,214.907318,52.787422,1
12028024,17.87,0.37,5.01,0.51,11.48,0.78,214.87532,52.753021,1
12028256,17.23,0.56,2.35,0.65,10.73,0.58,214.799973,52.762989,0
12028339,18.25,0.01,8.94,0.91,11.56,0.72,214.719803,52.777008,0
12028349,17.64,0.56,4.59,0.2,13.17,0.76,214.711868,52.769054,1
12028633,17.07,0.51,7.13,0.69,19.75,0.68,214.645142,52.76392,1
12028846,16.99,0.68,6.94,0.3,31.23,0.76,214.587616,52.77224,1
12029117,17.09,0.52,5.88,0.2,13.25,0.53,214.575989,52.74633,1
12101362,17.65,0.99,0.53,0.58,11.63,0.79,214.406845,52.401424,0
13003379,16.42,0.65,3.79,0.11,10.67,0.43,214.973801,52.832424,1
13003433,16.43,2,6.48,0.65,19.02,0.48,214.940918,52.797081,1
13003554,17.39,1.2,1.11,0.77,10.59,0.62,214.85675,52.827545,0
13003595,16.91,1.48,5.31,0.71,10.9,0.55,214.857285,52.799034,1
13003821,17.67,0.88,2.86,0.61,15.26,0.78,214.921204,52.832096,1
13003850,16.97,0.09,4.25,0.18,30.22,0.74,214.849075,52.814877,1
13003867,16.21,1.47,6.48,0.45,10.81,0.52,214.85878,52.799267,0
13003868,17.09,0.59,5.1,0.15,13.76,0.78,214.867813,52.798725,1
13004694,16.59,1.79,2.4,0.72,34.86,0.66,214.721695,52.815487,0
13009953,16.55,0.59,4.09,0.54,12.31,0.43,215.047043,52.874874,1
13010072,16.46,1.93,1.37,0.78,28.01,0.51,214.954727,52.876602,1
13010549,16.66,1.34,4.94,0.45,21.01,0.54,214.970581,52.853039,1
13010563,16.73,0.42,4.93,0,11.89,0.43,214.9664,52.841991,1
13010921,15.73,1.34,5.94,0.36,17.92,0.37,214.873489,52.866474,1
13011165,17.23,0.89,3.2,0.34,13.34,0.73,214.914383,52.875946,1
13011196,16.85,1.78,1,0.05,13.89,0.67,214.905228,52.850933,1
13011199,16.78,1.04,0.25,0.28,21.27,0.73,214.905716,52.84734,1
13011758,16.14,1.21,2.85,0.17,18.21,0.38,214.802719,52.891045,1
13011760,17.16,1.3,5.96,0.46,14.78,0.6,214.763397,52.886684,0
13011773,17.09,0.27,5.96,0.02,10.58,0.74,214.808975,52.876225,1
13017587,17.82,0.97,2.25,0.4,10.61,0.77,215.065613,52.94878,1
13017951,16.69,1.57,1.93,0.48,16.94,0.66,215.055954,52.901749,1
13017967,17.51,1,1.84,0.75,19.02,0.72,215.124161,52.948441,0
13018001,17.14,1.43,2.33,0.64,18.59,0.74,215.05098,52.948517,1
13018029,17.05,0.9,7.75,0.14,19.79,0.63,215.08931,52.928814,0
13018030,16.05,0.49,5.97,0.02,20.71,0.45,215.118744,52.928371,1
13018614,17.65,0.86,0.61,0.63,11.64,0.75,214.990707,52.919964,1
13018663,15.78,1.42,2.88,0.78,38.9,0.46,214.967407,52.926281,1
13019213,16.72,0.85,2.01,0.75,10.52,0.45,214.911469,52.913967,0
13019286,17.59,0.37,4.98,0.5,14.27,0.74,214.849609,52.910873,1
13019387,18.1,0.37,1.65,0.46,10.37,0.74,214.810745,52.938282,0
13019950,17.41,0.14,6.15,0.38,15.96,0.77,214.841873,52.921967,1
13019956,16.75,0.34,2.54,0.47,36.6,0.78,214.809906,52.919605,1
13019982,17.35,0.49,4.78,0.08,15.15,0.78,214.819,52.897835,1
13019984,16.54,0.3,8,0.32,10.86,0.54,214.804413,52.896217,1
13019988,16.95,1.1,6.88,0.5,29.68,0.74,214.834213,52.893806,0
13024930,17.37,0.35,7.39,0.31,12.25,0.63,215.136719,52.998558,0
13024938,17.23,0.34,2.88,0.66,12.34,0.58,215.188385,52.988209,0
13025096,18.19,0.56,5.38,0.16,10.33,0.75,215.178787,52.954678,1
13025397,16.53,0.98,3.62,0.65,28.02,0.74,215.196869,52.971745,1
13025452,16.43,1.33,5.15,0.47,13.63,0.42,215.20549,53.005795,0
13025465,17.74,0.44,2.98,0.44,10.82,0.68,215.198975,52.998428,1
13025483,16.13,1.05,5.91,0.28,10.96,0.35,215.18956,52.987873,1
13025494,17.85,0.66,4.09,0.07,12.59,0.74,215.202606,52.978493,1
13025503,15.85,1.53,5.05,0.3,19.48,0.38,215.132446,52.972855,1
13025506,16.93,0.57,5.7,0.36,15.45,0.53,215.178635,52.970646,0
13025514,16.29,0.82,6.17,0.12,29.69,0.57,215.139084,52.966927,1
13025741,17.53,0.42,3.97,0.59,16.75,0.78,215.119415,52.979675,1
13026120,17.46,0.72,3.3,0.19,14.31,0.66,215.110321,52.989639,0
13026142,17.39,0.83,0.89,0.53,16.83,0.78,215.100327,53.004559,1
13026153,17.58,0.82,4.74,0.53,14.07,0.73,215.116394,52.99802,0
13026769,16.24,1.78,2.32,0.76,37.24,0.51,215.009186,52.954311,0
13026852,16.19,1.2,6.45,0.32,17.72,0.45,215.005096,52.973309,1
13027442,16.89,1.45,4.71,0.56,17.26,0.77,214.873672,52.956039,1
13027445,15.98,0.73,7.22,0.04,13.48,0.36,214.905289,53.005642,1
13027502,17.64,1.12,1,0.75,10.75,0.68,214.872284,52.967979,1
13032739,17.71,0.66,3.6,0.56,14.11,0.76,215.315079,53.059692,0
13032767,18.17,0.52,0.15,0.47,10.54,0.77,215.277084,53.047146,0
13033178,16.99,1.95,1.15,0.79,20.62,0.61,215.306015,53.060127,0
13033196,17.43,0.84,4.45,0.34,15.84,0.7,215.294907,53.047283,0
13033202,17.27,1.53,1.95,0.71,14.32,0.71,215.235367,53.043293,1
13033243,17.84,0.28,5.47,0.16,10.3,0.7,215.282608,53.01915,0
13033496,17.34,0.57,2.89,0.27,16.61,0.75,215.164032,53.034328,1
13033774,18.21,0.68,1.28,0.7,11.24,0.8,215.184067,53.060829,0
13033908,17.27,0.62,3.88,0.47,11.64,0.58,215.141785,53.04977,1
13033939,17.76,0.42,5.03,0,10.48,0.75,215.177032,53.030483,1
13033952,16.52,0.88,0.89,0.59,11.46,0.43,215.186691,53.0229,1
13034447,17.61,0.27,3.82,0.64,10.17,0.75,215.060165,53.023937,1
13034616,17.63,0.15,6.39,0.1,14.05,0.69,215.089859,53.033329,1
13034618,16.15,0.93,6.38,0.34,13.16,0.36,215.076477,53.032616,1
13034647,16.91,0.98,2.26,0.27,12.73,0.59,215.063629,53.011402,0
13034983,18.01,0.47,8.3,0.39,12.17,0.78,215.009796,53.057339,0
13035168,17.62,1.02,3.05,0.53,13.84,0.78,214.965912,53.044468,1
13035209,17.47,0.46,6.34,0.45,11.91,0.74,214.965866,53.010292,1
13035250,16.88,0.96,3.67,0.39,23.81,0.74,214.963242,53.01215,1
13035317,17.3,0.56,5.28,0.33,16.7,0.77,214.993835,53.02327,0
13035319,17.84,1.02,6.82,0.23,10.79,0.75,214.94928,53.022285,1
13035320,17.29,2.55,0.82,0.8,12.45,0.59,215.024841,53.022499,0
13035326,17.49,0.38,5.14,0.28,14.6,0.74,214.951523,53.014824,1
13035907,17.87,1,2.15,0.76,10.33,0.75,214.926056,53.019833,1
13036021,15.98,1.18,2.41,0.23,13.38,0.42,214.915985,53.012398,1
13040856,17.78,0.65,2.08,0.6,10.67,0.71,215.378754,53.091625,1
13040894,16.88,0.98,4.19,0.3,29.39,0.71,215.366898,53.105133,1
13041591,16.88,1.44,2.11,0.39,15.16,0.56,215.287399,53.078873,0
13041594,17.65,0.42,5.08,0.27,16.5,0.76,215.251328,53.075115,0
13041606,17.23,0.55,8.37,0.47,16.14,0.68,215.309052,53.117554,1
13041616,17.4,0.8,8.36,0.17,12.01,0.57,215.275085,53.109394,1
13041617,17.69,1.38,3.01,0.74,13.28,0.72,215.263199,53.109318,0
13041641,17.18,1.25,5.26,0.3,26.25,0.74,215.260269,53.097267,1
13041644,16.74,0.48,6.38,0.15,22.7,0.57,215.293152,53.094425,1
13041646,15.65,1.69,5.81,0.21,38.58,0.43,215.250244,53.093285,1
13041851,17.8,0.37,4.23,0.25,10.13,0.75,215.135162,53.077099,1
13042310,17.02,0.65,2.96,0.56,16.8,0.62,215.146515,53.116417,0
13042313,15.48,2.08,2,0.41,15.72,0.2,215.171631,53.113964,1
13042327,16.08,1.53,5.72,0.2,16.61,0.35,215.202576,53.106636,1
13042334,17.16,0.62,4.47,0.14,16.84,0.65,215.150864,53.103703,1
13042352,17.44,0.66,7.54,0.31,16.06,0.74,215.190002,53.091988,1
13042376,16.69,0.63,1.7,0.27,13.63,0.55,215.192017,53.076923,1
13043719,14.97,2.97,6.83,0.35,19.27,0.25,215.029221,53.085285,1
13048575,17.19,0.93,5.54,0.52,10.13,0.68,215.448822,53.173264,0
13049116,16.72,0.65,2.12,0.62,11.85,0.62,215.395905,53.177654,1
13049169,16.75,0.44,3.97,0.63,11.71,0.44,215.378387,53.162498,0
13049185,17.3,0.93,2.15,0.2,10.15,0.59,215.355057,53.153458,0
13049744,17.35,0.8,4.12,0.54,17,0.7,215.260971,53.150326,0
13049802,17.41,1.23,1.21,0.74,10.83,0.61,215.316132,53.155167,0
13049834,17.51,0.55,4.26,0.19,10.28,0.55,215.245132,53.16716,1
13049840,17.42,0.53,5.77,0.35,18.37,0.73,215.286774,53.162884,0
13049851,15.44,1.93,2.4,0.11,14.61,0.2,215.231674,53.154739,1
13049852,17.14,0.52,5.23,0.16,16.39,0.59,215.243225,53.154499,0
13049857,16.72,1.44,5.22,0.15,33.8,0.69,215.258392,53.152149,0
13049865,16.81,0.38,1.84,0.37,20.65,0.68,215.243637,53.145569,1
13049885,16.56,1.08,3.72,0.43,23.51,0.54,215.319382,53.135155,0
13049894,15.48,1.22,6.05,0.29,35.09,0.35,215.288208,53.128666,1
13050001,18.21,0.78,5.34,0.17,10.43,0.8,215.132324,53.149483,0
13050348,17.94,0.63,1.94,0.77,13.85,0.78,215.138458,53.137783,0
13050471,17.56,0.52,9.53,0.47,13.21,0.7,215.161407,53.143314,0
13050476,17.98,0.58,4.62,0.24,11.24,0.79,215.149704,53.139072,0
13050505,17.24,1.06,4.99,0.23,18.62,0.74,215.182678,53.173515,1
13050585,17.21,1.07,3.38,0.11,22.55,0.74,215.131454,53.148975,1
13050602,17.29,0.7,6.18,0.22,19.16,0.74,215.166473,53.138199,1
13050937,17.59,0.75,5.77,0.31,17.33,0.76,215.111191,53.126072,0
13056827,17.36,0.75,2.47,0.41,23.95,0.76,215.486099,53.221027,0
13056857,17.58,1.93,0.37,0.62,10.47,0.66,215.481216,53.226604,0
13056869,17.06,0.5,5.71,0.54,10.25,0.72,215.424591,53.219746,0
13057219,16.56,0.47,5.39,0.15,20.04,0.62,215.397125,53.187698,1
13057497,17.03,1.33,1.57,0.31,15.47,0.71,215.344147,53.208141,0
13057498,16.91,1.01,5.35,0.44,11.67,0.57,215.360641,53.205845,0
13057578,16.69,1.07,7.05,0.62,11.42,0.6,215.369751,53.195877,0
13057582,17.35,1.03,0.85,0.53,10.48,0.67,215.36235,53.193756,1
13057591,16.24,1.32,5.54,0.28,15.66,0.56,215.329636,53.185982,1
13057917,16.94,0.92,2.34,0.68,15.21,0.51,215.262131,53.198875,1
13058121,17.71,0.61,1.91,0.53,12.35,0.67,215.272507,53.188282,0
13058176,17.49,0.47,2.67,0.63,18.16,0.74,215.255157,53.228943,1
13058191,15.81,1.02,3.59,0.14,53.41,0.74,215.236862,53.218815,1
13058803,17.06,0.71,7.06,0.27,18.04,0.64,215.212097,53.206917,1
13058839,15.72,2.79,8.18,0.22,32.2,0.35,215.170624,53.183544,1
13102000,17.53,0.97,6.52,0.18,17.48,0.78,214.814682,52.91592,1
13102022,17.61,1.01,5.76,0.09,11.4,0.74,214.962906,53.012798,1
11044526,17.35,0.57,6.29,0.61,25.12,0.82,214.342346,52.355976,1
11044623,18.42,0.79,0.93,0.42,12.15,1.02,214.34874,52.357716,1
11044628,17.58,0.69,0.7,0.02,14.67,0.82,214.339508,52.354771,1
11050829,18.51,0.57,1.4,0.38,11.83,0.97,214.375122,52.393421,0
11050845,17.4,1.12,5.97,0.36,31.15,0.84,214.381851,52.397614,1
11051050,19.43,0.73,0.52,0.47,19.3,1.72,214.314789,52.362488,0
11051115,18.37,0.4,1.1,0.5,14.63,0.9,214.308411,52.392376,1
11051133,18.4,0.49,2.84,0.56,15.38,1.13,214.328918,52.363266,1
11051137,19.08,0.21,2.15,0.66,13.81,1.5,214.337524,52.395538,0
11051152,18.57,0.81,1.09,0.68,12.87,1.01,214.287842,52.384727,1
11051160,18.09,0.22,4.77,0.2,13.45,0.81,214.329605,52.38192,1
11051201,17.24,0.63,7.04,0.05,38.65,0.9,214.362717,52.381748,1
11051230,18.2,0.96,1.7,0.56,18,0.99,214.341278,52.396034,1
11101415,18.6,0.62,3,0.52,36.79,1.68,214.250565,52.38451,0
12003637,17.47,0.75,5.37,0.33,37.58,1.03,214.428192,52.415375,1
12003738,18.13,0.47,6,0.6,14.86,0.95,214.45575,52.448051,1
12003870,18.73,0.28,2.81,0.53,16.14,1.29,214.394623,52.427841,0
12003885,18.46,0.6,2.86,0.6,19.09,1.12,214.390869,52.418224,0
12003949,18.07,1.31,1.7,0.49,13.96,0.9,214.380402,52.435986,1
12003952,18.65,0.24,5.08,0.32,23.04,1.34,214.334335,52.421818,0
12003958,17.53,1.39,4.12,0.44,35.17,1,214.370667,52.406349,1
12003967,19.04,0.12,5.48,0.02,22.38,1.83,214.385696,52.446476,0
12004025,18.08,0.26,4.63,0.6,11.65,0.81,214.399948,52.431995,1
12004040,18.08,0.51,4.6,0.75,16.11,0.96,214.410599,52.451645,0
12004059,18.39,0.45,2.48,0.45,18.25,1.11,214.348343,52.431973,0
12004066,18.23,0.75,4.91,0.67,19.37,1.02,214.373581,52.425797,1
12004068,16.93,0.43,5.06,0.33,82.28,0.9,214.38678,52.422817,1
12004107,18.83,0.35,2.02,0.31,10.02,1.21,214.352951,52.442524,0
12004110,17.24,1.11,4.28,0.07,52.98,0.9,214.345169,52.436481,1
12004113,17.75,0.17,5.07,0.66,22.14,0.84,214.367599,52.43264,0
12004125,18.09,1.79,0.91,0.82,21.51,1,214.362183,52.413876,0
12004136,17.78,0.44,6.01,0.32,16.07,0.81,214.40538,52.447327,1
12004138,16.72,0.94,4.94,0.23,69.47,0.81,214.398605,52.446072,1
12004158,18.07,0.67,3.77,0.51,13.51,0.88,214.414703,52.427116,0
12004159,18.1,1.31,2.64,0.76,11.61,0.91,214.40683,52.42453,1
12004230,17.57,0.42,4.17,0.25,44.23,1.03,214.254852,52.452003,1
12004254,18.72,0.38,4.28,0.8,10.53,0.98,214.234558,52.431122,0
12004280,18.32,0.71,1.5,0.03,13.09,1.02,214.253601,52.45039,1
12004334,18.65,1.35,2.85,0.68,13.66,1.1,214.290039,52.445374,0
12004351,17.06,0.59,1.58,0.77,65.87,1.02,214.257843,52.449738,1
12004358,18.37,0.5,3.84,0.31,22.9,1.24,214.280106,52.435898,0
12004391,18.26,0.83,0.32,0.35,23.91,1.29,214.326889,52.440338,1
12004426,18.74,0.28,4.38,0.3,12.16,1.23,214.239075,52.444637,1
12004428,18.36,0.73,1.72,0.66,16.34,1.12,214.287216,52.431576,0
12004457,17.7,0.46,2.76,0.57,18.94,0.81,214.31752,52.405983,1
12004516,17.87,0.47,4.81,0.13,16.17,0.82,214.287384,52.411396,1
12004519,17.75,0.64,6.89,0.3,13.56,0.92,214.286942,52.408405,0
12004590,18.57,0.37,4.27,0.43,14.48,1.16,214.205612,52.423477,0
12004612,18.09,0.33,4.46,0.3,18.16,0.98,214.172592,52.449638,0
12004740,18.72,0.23,4.89,0.15,12.26,1,214.217957,52.433517,0
12004754,17.74,0.66,1.03,0.14,21.14,1.03,214.175491,52.422039,1
12004823,17.97,1.35,0.49,0.65,10.91,0.83,214.233047,52.449768,1
12004838,17.25,0.6,3.26,0.43,41.76,0.96,214.194595,52.431068,0
12007561,17.66,0.59,4.39,0.01,24.66,0.95,214.530457,52.50824,0
12007683,18.14,0.54,2.15,0.77,14.75,1,214.458435,52.474598,1
12007715,18.33,0.17,4.4,0.4,17.04,0.98,214.42807,52.467678,0
12007881,17.79,1.22,1.11,0.61,19.7,1.16,214.514725,52.506245,1
12007894,18.19,0.7,1.69,0.24,11.5,0.89,214.434067,52.479122,0
12007928,19.2,0.16,0.19,0.43,11.33,1.86,214.450409,52.49538,0
12007933,17.59,0.84,5.58,0.4,30.07,1,214.466599,52.491589,1
12007936,18.22,0.42,2.1,0.16,11.1,0.99,214.473557,52.489731,1
12007954,16.45,0.08,0.11,0.87,28.32,1.15,214.424484,52.473171,1
12007959,18.53,0.36,5.52,0.35,11.94,1,214.425354,52.469002,1
12007962,17.61,0.52,1.98,0.41,40.65,1,214.454926,52.467644,1
12008017,18.12,1.26,5.01,0.61,21.01,1.16,214.413788,52.480659,0
12008055,18.11,0.34,0.24,0.28,12.58,0.9,214.38681,52.460361,1
12008091,18.5,0.21,7.08,0.64,15.16,1.21,214.33046,52.46558,1
12008117,18.29,0.45,4.97,0.3,15.41,0.95,214.42038,52.505989,0
12008124,18.05,0.47,4.64,0.32,17.82,0.91,214.349808,52.491379,0
12008137,18.22,0.64,0.34,0.29,12.99,0.99,214.390686,52.456902,1
12008209,18.95,0.42,0.62,0.41,10.86,1.23,214.374603,52.472652,0
12008344,18.43,0.3,4.56,0.33,18.97,1.53,214.294434,52.47673,0
12008357,18.69,0.28,1.93,0.24,10.34,1.18,214.327988,52.503178,0
12008360,18.18,0.21,6.63,0,10.52,0.83,214.31955,52.491371,1
12008441,18.05,0.83,4.05,0.44,10.71,0.83,214.319778,52.477654,1
12008481,17.75,0.99,0.79,0.55,51.95,1.23,214.291901,52.477413,1
12008633,18.49,0.36,6.84,0.27,18.13,1.06,214.201843,52.466217,0
12008723,19.02,0.27,3.26,0.43,16.28,1.64,214.176758,52.489689,0
12008758,18.4,0.45,7.52,0.2,14.97,0.98,214.2173,52.456436,0
12008798,17.65,0.65,1.07,0.39,15.58,0.84,214.21463,52.470528,1
12008846,17.96,0.65,3.26,0.39,12.77,0.83,214.211655,52.471519,1
12008896,17.54,0.65,1.2,0.28,13.5,0.83,214.203094,52.46629,1
12008934,17.92,1.09,1.76,0.12,10.15,0.81,214.201401,52.480621,0
12008946,16.57,1,4.98,0.11,78.34,0.83,214.199203,52.467751,1
12009154,17.3,0.54,4.56,0.11,38.28,0.83,214.131485,52.452332,1
12011454,18.14,0.94,3.31,0.58,14.74,1.17,214.622101,52.56374,0
12011549,18.95,0.25,1.86,0.41,17.33,1.5,214.546921,52.527966,0
12011637,18.87,0.85,0.78,0.75,15.89,1.38,214.538528,52.520271,0
12011658,19.21,0.62,1.49,0.27,10.36,1.21,214.571808,52.543282,0
12011663,17.84,1.12,3.64,0.32,30.97,1.19,214.553925,52.530518,1
12011709,17.6,0.15,4.65,0.42,19.11,0.85,214.523224,52.52243,0
12011767,18.53,1.1,2.13,0.1,13.78,1.28,214.603027,52.548756,1
12011768,18.04,1.68,1.44,0.78,21.45,1.02,214.553253,52.547695,0
12011779,18.21,0.68,0.22,0.33,18.27,1.03,214.525711,52.535717,0
12011795,18.3,0.18,3.95,0.47,11.96,0.88,214.519745,52.516582,0
12011810,17.78,0.45,4.17,0.29,31.17,1.04,214.531555,52.554432,0
12011886,18.44,0.31,5.57,0.15,11.94,1.08,214.569672,52.523071,1
12011925,18.77,0.58,4.54,0.5,14.9,1.24,214.506195,52.530521,0
12011991,19,0.25,2.27,0.35,17.39,1.57,214.441208,52.56448,0
12012009,19.23,0.45,2.48,0.19,13.25,1.57,214.463531,52.511318,0
12012044,18.66,0.41,4.79,0.37,18.88,1.35,214.431244,52.525265,0
12012085,18.64,0.54,1.64,0.48,18.03,1.27,214.469131,52.52515,0
12012154,17.83,0.2,5.04,0.49,16.6,0.82,214.448654,52.566975,1
12012183,18.32,1.05,1.18,0.31,10.8,0.98,214.467438,52.514729,0
12012194,18.12,0.44,0.71,0.14,17.46,0.97,214.458939,52.56179,0
12012213,17.5,0.01,0.68,0.83,37.74,0.92,214.458801,52.543476,0
12012390,18.53,0.65,3.23,0.73,13.48,1.02,214.383957,52.533241,0
12012432,18.37,0.54,3.45,0.33,11.8,0.95,214.41507,52.541145,1
12012467,17.86,0.33,4.41,0.08,26.39,0.99,214.385986,52.534222,1
12012493,18.68,1.38,5.92,0,12.95,1.18,214.360245,52.561184,0
12012509,17.75,0.48,3.65,0.49,32.3,1.21,214.364853,52.552612,1
12012563,17.82,0.47,6.51,0.43,19.12,0.99,214.417786,52.542973,1
12012575,18.33,0.42,5.84,0.48,20.86,1.2,214.404266,52.530739,0
12012673,17.73,0.43,4.51,0.78,28.06,0.99,214.308945,52.528854,0
12012736,18.18,0.21,3.52,0.21,16.14,0.98,214.234512,52.511955,1
12012814,17.88,0.53,4.19,0.29,21.42,0.91,214.298035,52.522385,0
12012857,17.93,0.8,0.54,0.16,14.49,0.84,214.303543,52.527065,1
12012898,16.89,0.43,2.4,0.13,44.78,0.83,214.306747,52.537186,1
12015370,19,0.86,2.75,0.6,22.57,1.65,214.622803,52.608334,0
12015433,17.99,0.44,2.96,0.62,19.32,0.95,214.653259,52.574265,0
12015535,18.22,0.32,4.82,0.08,18.94,1.04,214.662186,52.609283,1
12015586,18.28,0.53,1.04,0.42,13.81,1.06,214.642822,52.596066,0
12015604,18.06,0.26,4.87,0.29,14.34,0.93,214.643295,52.575615,1
12015673,17.36,2.09,2.47,0.7,25.78,0.91,214.639786,52.616432,0
12015676,18.11,0.85,0.51,0.32,11.07,0.99,214.616776,52.612793,1
12015684,18.6,0.43,0.34,0.23,21.49,1.37,214.675232,52.605644,1
12015686,17.75,1.23,1,0.3,13.73,0.9,214.665359,52.602631,0
12015703,18.25,0.11,4.58,0.37,16.14,1.04,214.649399,52.583614,1
12015752,18.86,0.96,6.23,0.7,21.98,1.57,214.524399,52.620636,0
12015764,18.86,0.12,4.83,0.1,10.99,1.07,214.565216,52.586243,0
12015779,19.38,0.37,2.09,0.2,22.96,1.81,214.52092,52.606018,0
12015791,19.27,0.12,1.74,0.11,12.43,1.68,214.555481,52.588348,0
12015792,18.62,0.98,0.29,0.51,12.73,1.23,214.582184,52.58773,1
12015842,18.75,0.74,1.09,0.41,17.84,1.27,214.5858,52.617817,0
12016045,17.64,1.14,2.48,0.45,15.41,0.83,214.609558,52.58963,1
12016133,17.81,0.71,2.86,0.28,13.05,0.82,214.490265,52.603291,1
12016191,19.02,0.3,0.1,0.78,18.11,1.74,214.513138,52.573956,0
12016200,18.81,0.38,2.69,0.7,15.29,1.21,214.467239,52.617237,0
12016233,18.31,0.4,1.96,0.73,10.7,0.83,214.477356,52.583397,0
12016236,18.47,0.28,4.56,0.26,15.73,1.06,214.504044,52.577236,0
12016260,18.61,0.68,2.32,0.31,15.6,1.19,214.473297,52.617535,0
12016330,18.66,0.34,1.23,0.29,10.03,1.04,214.430603,52.601898,1
12016362,18.19,0.52,4.13,0.34,12.92,0.95,214.477554,52.577316,1
12016364,18.2,0.74,1.26,0.2,14.61,1,214.464554,52.574646,1
12016370,17.37,0.42,6.61,0.32,35.45,1,214.449783,52.622219,1
12016493,18.92,0.16,2.31,0.54,12.54,1.21,214.349442,52.569527,0
12016523,17.97,1.09,2.2,0.34,25.02,1.16,214.392456,52.577374,0
12016582,18.48,0.8,0.7,0.62,34.8,1.54,214.408264,52.600197,0
12016608,19.29,0.11,7.85,0.41,12.82,1.64,214.383392,52.574238,0
12016612,17.92,0.46,4.3,0.72,24.03,1,214.415298,52.57,1
12016746,18.51,1.07,0.66,0.76,10.87,0.89,214.390015,52.622658,0
12016934,18.76,0.83,1.71,0.25,20.31,1.32,214.314407,52.584034,0
12019322,18.82,1.35,0.95,0.81,14.75,1.16,214.730011,52.681042,0
12019388,18.7,0.73,0.76,0.42,28.16,1.31,214.709076,52.631886,0
12019421,19.55,0.12,3.74,0.44,10.54,1.79,214.747711,52.660057,0
12019515,19.55,1.44,1,0.4,10.87,1.68,214.738113,52.669674,0
12019543,17.67,0.13,4.91,0.4,30.46,1.26,214.72673,52.672016,1
12019573,18.17,0.01,3.63,0.89,26.65,1.02,214.734741,52.630627,0
12019617,17.55,0.46,1.61,0.57,21.53,0.82,214.724091,52.64476,1
12019671,17.69,0.78,0.91,0.62,18.55,0.82,214.729187,52.646217,0
12019674,17.89,1.1,1.96,0.5,17.62,0.98,214.733917,52.645329,1
12019681,18.12,0.17,4.67,0.17,10.4,0.82,214.73793,52.640003,1
12019899,17.75,0.11,6.33,0.69,21.96,0.93,214.685059,52.637196,1
12019954,17.77,1.21,0.94,0.56,25.69,0.91,214.68573,52.639076,0
12019982,18.18,0.88,1.34,0.28,13.4,1.01,214.695358,52.663086,0
12020031,17.42,1.57,2.34,0.3,21.29,0.82,214.671478,52.659412,1
12020040,18.53,1.24,0.61,0.66,18.03,1.23,214.664948,52.652233,0
12020074,18,0.33,5.03,0.21,15.76,1.15,214.675323,52.625889,0
12020087,19.02,0.24,4.74,0.48,15.75,1.45,214.592789,52.627445,0
12020104,18.51,0.43,4.36,0.43,47.42,1.87,214.594543,52.668449,0
12020148,18.81,0.41,0.81,0.37,18.27,1.39,214.548935,52.633511,0
12020309,18.72,0.71,0.51,0.43,23.77,1.45,214.545242,52.664719,0
12020310,18.79,0.22,7.43,0.48,11.66,1.09,214.579178,52.659504,0
12020362,17.45,1.4,1.34,0.47,16.85,0.87,214.556915,52.677319,0
12020390,17.94,0.28,5.83,0.19,19.51,1.09,214.538986,52.631279,1
12020404,17.62,0.31,4.89,0.15,19.11,0.81,214.579575,52.674393,1
12020494,17.52,0.49,4.28,0.16,22.04,0.82,214.49202,52.671543,1
12020511,18.44,0.34,2.91,0.74,22.16,1.23,214.513214,52.676834,0
12020602,18.41,0.17,4.46,0.56,10.15,0.83,214.437668,52.664772,0
12021059,17.73,0.81,0.57,0.71,24.55,0.95,214.405106,52.638031,0
12023503,18.43,0.37,4.02,0.54,14.57,1.06,214.813599,52.713718,1
12023514,17.65,0.26,4.75,0.24,18.68,0.83,214.812546,52.691006,1
12023519,18.83,0.56,5.38,0.3,19.82,1.42,214.806076,52.685871,0
12023651,18.3,0.29,4.43,0.37,12.81,0.98,214.838669,52.719395,1
12023700,18.22,0.2,4.53,0.5,10.16,0.82,214.824066,52.734154,1
12023731,17.6,0.79,2.36,0.29,24.94,1.09,214.825516,52.709286,0
12023779,18.44,0.37,5.7,0.28,10.35,0.95,214.76387,52.738632,1
12023796,18.87,0.16,2.43,0.35,12.08,1.27,214.749939,52.698734,0
12023935,17.91,0.64,3.68,0.49,15.27,0.84,214.785614,52.682693,1
12024022,18.28,0.41,0.72,0.02,10.07,0.84,214.800247,52.695129,1
12024094,18.22,0.79,1.97,0.29,12.89,0.95,214.786118,52.720173,1
12024143,17.57,0.16,5.17,0.1,31.66,1.03,214.637115,52.694271,1
12024165,18.31,0.42,4.22,0.18,13.87,0.92,214.657486,52.731239,1
12024196,18.68,0.65,2.84,0.26,11.25,0.97,214.622437,52.697372,0
12024244,18.17,0.66,0.1,0.2,10.81,0.95,214.658569,52.73111,0
12024268,17.98,0.93,7.51,0.27,19.06,0.96,214.697739,52.693283,0
12024270,19.45,0.41,4.86,0.01,16.38,1.85,214.681366,52.688671,0
12024315,18.42,0.63,0.39,0.55,13.04,1.05,214.668869,52.697014,1
12024321,18.11,0.37,6.5,0.29,12.62,0.92,214.621613,52.689816,1
12024331,18.23,0.14,4.88,0.29,10.59,0.84,214.634796,52.723747,1
12024348,18.87,0.59,1.4,0.64,12.55,1.14,214.705948,52.722275,0
12024357,18,0.33,6.9,0.29,12.53,0.82,214.659073,52.706036,0
12024382,17.88,0.33,4,0.37,29.63,1.1,214.67511,52.716267,1
12024422,17.99,0.26,4.84,0.44,22.72,1.03,214.628326,52.715736,1
12024427,18.24,0.76,2.38,0.48,11.11,0.93,214.647186,52.689369,1
12024436,17.49,0.7,0.73,0.29,21.96,0.94,214.66925,52.723419,1
12024453,17.11,0.22,4.86,0.16,39.35,0.91,214.683502,52.702225,1
12024462,18.57,1.08,1.74,0.35,19.85,1.4,214.655853,52.738384,1
12024473,17.64,0.9,1.2,0.48,18.27,0.86,214.612595,52.730392,0
12024513,17.93,0.37,5.88,0.67,22.88,0.93,214.675934,52.695148,0
12024634,18.66,0.32,2.31,0.29,11.97,1.06,214.537048,52.683083,1
12024704,18.82,0.24,3.06,0.7,20.48,1.58,214.60257,52.709778,0
12024707,19.4,0.6,1.07,0.09,12.39,1.64,214.517593,52.708511,0
12024770,18.96,0.35,2.04,0.32,17.37,1.56,214.600021,52.737839,0
12024790,18.17,0.09,4.47,0.43,11.68,0.97,214.572571,52.715248,1
12024832,18.23,0.22,5.16,0.3,13.54,0.92,214.584641,52.730576,0
12024833,17.99,0.47,5.29,0.19,20.28,1.23,214.535782,52.725384,1
12024855,18.33,0.16,4.65,0.33,15.97,1.11,214.610199,52.718796,0
12024912,18.07,1.15,1.52,0.31,20.1,1.08,214.554214,52.702869,1
12025000,18.42,0.41,1.24,0.29,11.73,1.03,214.51001,52.722939,1
12025032,17.93,0.43,0.5,0.29,10.43,0.81,214.499695,52.695972,1
12025061,18.24,0.53,4.42,0.21,19.74,1.08,214.467438,52.688702,0
12025109,18.53,0.85,3.01,0.49,13.15,1.03,214.470474,52.696842,1
12025292,18,0.29,6.66,0.44,12.36,0.81,214.501282,52.707939,1
12027499,19.55,0.5,1.18,0.6,10.88,1.5,214.946259,52.782486,0
12027546,18.92,0.24,7.2,0.24,17.45,1.36,214.903549,52.784744,0
12027662,17.66,0.55,0.99,0.46,28.58,0.91,214.928513,52.788792,1
12027693,17.95,0.61,4.52,0.23,21.38,1.02,214.906769,52.758839,1
12027729,18.48,0.5,0.55,0.48,20.42,1.26,214.8311,52.771744,1
12027847,18.62,0.63,0.1,0.71,15.37,1.16,214.885666,52.751232,0
12027947,17.32,0.2,1,0.27,17.82,1.02,214.831818,52.78764,1
12027961,19.4,0.75,0.68,0.42,14.84,1.57,214.816818,52.76276,0
12027966,17.62,0.25,3.86,0.63,30.37,1.02,214.887451,52.753902,1
12028016,19.99,1.26,0.92,0.67,12.45,1.85,214.886475,52.759239,0
12028094,18,0.06,3.88,0.07,12.48,1.01,214.719833,52.771812,0
12028173,17.76,0.2,5.99,0.2,16.05,0.96,214.780579,52.758778,1
12028175,18.98,0.6,5.58,0.26,17.54,1.41,214.732117,52.751915,0
12028213,18.78,0.57,4.08,0.47,23.05,1.41,214.797897,52.754234,0
12028245,17.52,0.06,2.71,0.62,24.78,0.9,214.790237,52.775871,0
12028397,19.08,0.52,2.37,0.4,13.05,1.41,214.694443,52.752777,0
12028484,19.11,0.01,4.1,0.05,10.09,1.31,214.623138,52.780827,0
12028639,18.39,0.34,2.29,0.37,11.47,0.98,214.65773,52.748489,1
12028761,18.86,0.53,1.78,0.39,20.98,1.53,214.565796,52.750874,0
12028998,17.8,0.86,0.88,0.17,14.66,0.91,214.599777,52.764477,1
12029014,18.41,0.65,0.98,0.43,38.34,1.46,214.57666,52.743347,0
12029062,18.09,0.64,3.33,0.35,13.14,0.89,214.547272,52.739964,0
12100175,19.17,0.55,2.2,0.46,10.38,1.39,214.121948,52.447403,0
12100288,19.07,0.36,4.5,0.15,11.46,1.43,214.393997,52.494019,0
12100302,18.35,0.55,0.38,0.81,11.48,0.84,214.258835,52.465149,1
12100397,18.18,0.57,3.23,0.58,11.31,0.99,214.482269,52.548935,1
12100732,19.03,0.73,0.96,0.71,10.84,1.06,214.700027,52.654327,0
12100930,19.53,0.01,8.83,0,16.06,1.6,214.616455,52.733521,0
12100932,18.9,0.62,0.73,0.31,19.93,1.41,214.674911,52.685543,0
12100937,19.23,0.34,0.78,0.23,10.66,1.29,214.54483,52.728336,0
12100943,18.67,0.31,4.24,0.74,17.21,1.21,214.565674,52.702995,0
12100967,18.89,0.11,3.68,0.68,11.07,1.06,214.516434,52.698997,0
12101107,19.02,0.16,2.82,0.61,15.19,1.38,214.792435,52.772823,0
12101110,18.64,0.24,0.98,0.12,13.04,1.04,214.767914,52.765247,0
12101371,18.12,0.37,7.46,0.71,14.23,0.83,214.218597,52.457809,1
13003101,18.65,0.36,2.3,0.24,26.16,1.38,214.945923,52.81229,0
13003222,18.78,0.3,4.33,0.42,30.21,1.58,214.945694,52.822777,0
13003326,17.97,1.05,2.17,0.19,10.06,0.82,214.942612,52.800705,1
13003517,18.35,0.23,4.28,0.48,30.88,1.42,214.872391,52.806919,0
13003616,18.48,0.55,0.33,0.65,15.03,1.14,214.877121,52.819504,0
13003624,18.29,0.16,4.69,0.67,26.24,1.19,214.863449,52.803963,1
13003676,18.8,0.25,2.9,0.38,22.68,1.56,214.93718,52.815453,0
13003755,19.18,0.19,3.75,0.46,13.72,1.54,214.937668,52.826466,0
13003834,18.08,0.24,2.17,0.73,26.93,1.2,214.878677,52.823643,1
13004054,18.73,0.19,4.36,0.18,13.79,1.17,214.769516,52.814941,0
13004232,18.48,0.89,2.26,0.51,14.17,1.11,214.826981,52.812748,0
13004254,18.58,0.75,2.37,0.37,13.53,1.2,214.844208,52.831444,1
13004276,17.38,0.24,5.19,0.42,34.56,0.98,214.77005,52.832954,1
13004291,17.59,0.65,0.1,0,46.57,1.2,214.812363,52.824963,1
13004311,18.63,0.67,1.04,0.35,12.58,1.36,214.841522,52.810951,1
13004572,18,1.19,1.49,0.66,13.63,0.91,214.691772,52.805576,0
13004629,18.75,0.63,2.93,0.07,12.94,1.15,214.734863,52.831894,0
13004653,18.69,0.3,6.34,0.47,28.28,1.64,214.747589,52.818691,0
13004684,17.59,0.72,3.37,0.19,11.69,1.01,214.732376,52.796871,1
13004953,18.68,0.45,1.52,0.38,23.94,1.53,214.643066,52.807957,0
13009938,18.35,0.35,1.2,0.19,15.62,1.17,215.06665,52.885845,1
13010096,19.21,0.2,1,0.48,13.81,1.41,215.029007,52.873116,0
13010238,18.75,0.13,4.7,0.52,11.79,1.05,214.968262,52.877304,0
13010247,18.7,0.21,2,0.32,14.44,1.1,214.952698,52.865051,1
13010255,18.98,0.47,1,0,10.25,1.33,214.966736,52.85424,1
13010259,18.54,0.27,4.25,0.66,25.11,1.28,214.977753,52.851185,0
13010519,18.3,0.42,4.66,0.17,11.1,0.96,214.994034,52.875519,0
13010750,19.25,0.04,2.94,0.43,14.76,1.56,214.874603,52.874775,0
13010765,17.47,0.88,5.21,0.25,41.3,1.01,214.920486,52.865883,1
13010853,19.22,0.39,4.31,0.26,14.7,1.54,214.906433,52.857208,0
13010920,17.68,0.56,3.76,0.16,22.6,0.96,214.919907,52.86689,0
13010958,19.02,0.64,1.42,0.13,18.35,1.67,214.927612,52.847977,0
13011067,18.03,1.04,2.36,0.42,20.3,1.06,214.90242,52.863686,1
13011146,18.24,0.31,7.29,0.14,15.36,1.08,214.921249,52.887829,1
13011148,18.02,0.58,1.24,0.29,16.52,1.17,214.874374,52.886971,1
13011155,18.06,0.58,0.6,0,14.68,1.01,214.923172,52.882168,1
13011166,18.46,0.91,1.64,0.62,10.72,1.24,214.93811,52.874279,0
13011170,18.02,0.31,2.47,0.26,10.47,0.82,214.902283,52.872116,0
13011188,17.29,0.69,4.35,0.18,40.75,0.97,214.886108,52.857121,0
13011209,17,0.49,1.79,0.11,35.42,0.82,214.927032,52.840294,0
13011233,18.75,0.07,6.16,0.03,12.13,1.21,214.83136,52.858253,1
13011281,17.16,0.36,3.46,0.28,28.75,0.81,214.816544,52.870399,1
13011328,19.25,0.86,1.24,0.53,13.13,1.54,214.754974,52.880432,0
13011370,17.78,0.44,1.63,0.41,23.14,0.97,214.786758,52.881741,1
13011446,18.8,1.13,0.73,0.68,20.95,1.34,214.773453,52.875465,0
13011501,18.1,0.25,3.54,0.85,15.49,1.01,214.830933,52.881664,1
13011608,18.45,0.39,4.02,0.38,14.31,1.04,214.791809,52.880299,1
13011723,18.78,0.62,2.45,0.64,10.78,1.18,214.829605,52.877731,1
13011728,17.89,0.64,1.05,0.34,21.4,1.03,214.793274,52.888802,1
13011748,18.47,0.5,2.61,0.6,17.18,1.18,214.833923,52.849567,1
13011780,18.07,0.36,3.12,0.71,12.04,0.81,214.808411,52.870682,1
13011785,17.88,0.54,7.1,0.25,14.58,0.81,214.806915,52.866558,1
13011794,17.85,1.25,5.13,0.08,19.46,0.91,214.842865,52.859314,1
13011809,18.11,0.22,6.53,0.08,11.82,0.88,214.815353,52.848537,1
13012021,19.01,0.49,1.86,0.48,13.18,1.36,214.740799,52.834648,0
13012145,18.9,0.61,2.42,0.62,18.67,1.39,214.748108,52.855274,0
13012244,19.72,0.15,1.09,0.11,11.22,1.72,214.740067,52.877567,0
13012290,17.65,0.58,4.83,0.46,29.06,0.98,214.747971,52.84898,1
13012391,18.05,0.77,2.42,0.08,12.74,0.98,214.745377,52.857597,1
13012404,18.18,0.5,2.72,0.48,10.17,0.81,214.749619,52.847694,1
13012405,17.82,0.33,4.81,0.2,12.97,0.87,214.741394,52.847221,0
13017155,19.37,0.06,3.78,0.2,13.46,1.57,215.132812,52.919243,0
13017337,17.25,0.31,4.33,0.69,35.57,0.97,215.158676,52.935352,1
13017486,19.47,0.11,3.96,0.22,13.18,1.63,215.111481,52.931049,0
13017617,18.04,0.38,3.89,0.65,20.73,1.08,215.103027,52.925217,0
13017707,18.66,0.35,6.74,0.05,13.45,1.18,215.054123,52.925976,0
13017843,18.67,0.54,0.94,0.48,10.06,1.05,215.078278,52.93483,1
13017861,18.74,0.7,4.41,0.69,14.51,1.17,215.073395,52.918953,0
13017910,18.25,0.83,4.21,0.41,17.06,1.14,215.105057,52.932785,0
13018034,17.64,0.5,6.19,0.14,18.85,0.82,215.127548,52.92474,1
13018246,19.24,0.75,2.17,0.77,27.11,1.76,215.030167,52.937443,0
13018293,18.9,0.36,3.34,0.28,12.72,1.23,215.000366,52.900963,0
13018312,18.35,0.54,0.64,0.36,14.96,1.1,214.992462,52.930401,1
13018338,19.4,0.3,0.84,0.65,15.08,1.56,214.999939,52.934116,0
13018611,18.16,0.17,4.76,0.26,17.07,1.08,215.026535,52.926003,1
13018703,18.93,0.27,5.19,0.42,11,1.2,215.029022,52.895504,0
13019003,19.35,0.37,1.99,0.5,18.07,1.72,214.892776,52.913082,0
13019010,18.43,0.32,0.14,0.7,18.3,1.12,214.892136,52.908772,0
13019033,18.61,0.3,6.27,0.02,14.92,1.2,214.931717,52.89513,1
13019039,19.65,0.14,0.37,0.23,11.45,1.5,214.920898,52.931999,0
13019047,18.6,0.19,6.1,0.34,12.21,1.05,214.906494,52.946056,1
13019113,18.09,0.5,1.66,0.54,19.94,0.98,214.849365,52.938118,1
13019292,18.64,0.28,3.29,0.33,12.49,1.12,214.89299,52.907906,0
13019309,18.24,0.22,5.26,0.37,20.04,1.17,214.929214,52.894257,1
13019594,18.77,0.23,2.31,0.25,22.59,1.6,214.827774,52.904877,0
13019617,18.18,0.39,4.62,0.15,14.89,0.95,214.825592,52.930283,1
13019645,18.06,1.37,0.65,0.79,16.38,0.85,214.755325,52.895016,0
13019691,18.57,0.71,4.47,0.5,13.92,1.05,214.822922,52.931129,0
13019698,18.14,1.94,1.86,0.66,11.66,0.85,214.807785,52.924194,1
13019820,17.4,0.64,4.65,0.07,26,0.85,214.817627,52.929424,1
13019929,17.43,0.25,5.13,0.37,27.23,0.8,214.809753,52.938416,0
13019932,18.09,0.48,2.18,0.62,20.2,0.97,214.830383,52.936775,1
13020616,17.55,0.49,1.4,0.42,16.67,0.87,214.745911,52.892212,0
13024629,18.99,0.41,4.76,0.19,10.14,1.12,215.235229,53.002514,0
13024878,18.33,1.02,0.67,0.72,15.79,1.06,215.180725,52.96841,0
13024891,19.85,0.19,1.45,0.27,10.67,1.67,215.131378,52.995808,0
13024935,19.11,0.2,2.9,0.59,12.25,1.32,215.179855,52.992657,0
13025045,19.03,0.22,3.87,0.64,11.45,1.2,215.210938,52.996777,0
13025048,18.87,0.29,2.99,0.37,20.92,1.45,215.217422,52.992413,0
13025116,19.59,0.85,0.23,0.45,10.33,1.72,215.138626,52.98386,0
13025192,18.7,0.81,2.48,0.59,24.54,1.54,215.187637,53.004311,0
13025247,19.16,0.48,2.45,0.52,13.85,1.67,215.202789,52.975372,0
13025400,19.5,0.15,0.1,0.6,11.72,1.69,215.188248,52.969727,0
13025455,17.76,1.51,0.74,0.52,19.22,0.93,215.14061,53.004105,0
13025667,19.57,0.58,0.88,0.61,10.43,1.65,215.054794,52.990345,0
13025729,19.41,0.21,4.09,0.45,11.88,1.54,215.042404,52.989868,0
13025784,19.63,0.15,4.22,0.81,11.59,1.68,215.112778,53.006065,0
13025833,19.7,0.25,0.32,0.39,12.93,1.68,215.088181,52.978252,0
13026117,17.99,0.53,2.32,0.15,26.08,1.24,215.110062,52.994297,1
13026167,18.14,1.35,1.15,0.34,23.63,1.23,215.10701,52.992023,1
13026315,18.88,0.29,4.74,0.41,13,1.17,214.944855,52.979366,0
13026354,19.08,0.47,1.02,0.3,14.93,1.54,214.958633,52.995052,0
13026376,18.2,0.47,2.62,0.32,22.6,1.12,215.005722,52.975422,1
13026391,18.18,0.58,0.78,0.51,17.52,1.05,214.9832,52.952049,1
13026400,18.51,0.49,3.85,0.18,18.31,1.23,214.946655,53.002697,0
13026416,18.61,1.51,0.64,0.82,11.43,1.11,214.992599,52.991905,1
13026444,19.4,0.49,1.12,0.41,17.63,1.72,215.010208,52.970333,0
13026486,19.09,0.89,0.53,0.73,21.52,1.53,214.959106,52.983433,0
13026500,18.99,0.63,3.02,0.65,14.41,1.29,214.9646,52.996952,0
13026509,18.96,0.25,5.53,0.37,18.17,1.47,214.947464,52.98415,0
13026510,18.8,0.43,0.29,0.58,10.36,1.05,215.019119,52.982903,0
13026540,19.07,0.08,3.07,0.21,11.84,1.21,215.026001,52.957821,0
13026554,18.76,0.16,4.88,0.07,11.98,1.09,214.944962,53.00436,0
13026566,18.35,0.88,0.78,0.18,12.99,1.16,214.95343,52.99506,0
13026574,18.32,0.29,2.44,0.26,17.61,1.11,214.96991,52.991085,1
13026636,19.07,0.42,2.94,0.33,21.51,1.61,214.966232,52.961418,0
13026655,17.98,0.44,1.49,0.47,16.1,1.05,214.98494,52.951233,1
13026687,19.57,0.06,3.24,0.27,10,1.72,215.013794,52.959183,0
13026691,18.45,0.35,4.63,0.27,17.89,1.13,214.955322,52.951309,0
13026695,18.39,0.62,2.19,0.17,17.6,1.23,214.950806,53.004002,1
13026703,17.83,0.5,4.03,0.3,18.52,0.91,215.008499,52.997414,1
13026797,17.16,0.51,4.56,0.16,30.61,0.89,215.011749,52.995594,0
13026825,17.34,1.2,1.37,0.39,29.99,0.9,214.981674,52.998833,0
13026831,18.4,0.16,7.66,0.38,12.8,1.11,214.972321,52.991917,1
13026846,18.48,0.88,1.18,0.38,11.15,1.12,214.964874,52.983246,0
13026867,18.18,0.3,4.73,0.28,22.24,1.18,214.984314,52.961372,1
13027261,18.34,0.33,1.68,0.85,12.33,0.98,214.872818,52.963234,1
13027437,18.97,0.33,3.91,0.21,10.76,1.07,214.882477,52.971146,0
13027514,17.17,0.52,4.38,0.19,52.37,0.98,214.846863,52.962322,1
13027798,17.78,0.76,1.53,0.69,25.51,0.99,214.843216,52.955044,0
13031946,18.78,0.44,1.13,0.83,24.32,1.54,215.333694,53.059765,0
13032805,19.32,0.24,1.31,0.58,11.86,1.85,215.247406,53.020626,0
13032956,18.78,0.37,4.36,0.47,12.68,1.03,215.266937,53.035305,0
13033320,19.41,0.45,0.13,0.76,21.4,1.82,215.162079,53.040077,0
13033440,18.97,0.2,2.29,0.77,10.74,1.12,215.13678,53.017223,0
13033489,19.8,0.32,2.97,0.72,15.07,1.79,215.132156,53.037601,0
13033528,18.32,0.62,0.56,0.11,12.13,1.08,215.135941,53.018185,0
13033533,18.65,0.16,6.88,0.37,24.73,1.43,215.131592,53.016262,0
13033577,19.49,0.05,1.52,0.11,14.68,1.57,215.168945,53.04977,0
13033624,18.37,0.79,0.49,0.45,16.13,1.14,215.198486,53.062492,0
13033627,18.17,1.28,3.26,0.53,10.75,0.85,215.212997,53.060949,0
13033647,19.11,1.1,1.51,0.55,19.37,1.5,215.159454,53.048603,0
13033748,17.75,1.05,1.15,0.5,14.68,0.81,215.169418,53.033497,0
13033888,18.16,0.57,2.79,0.43,21.89,1.12,215.191437,53.008144,1
13033934,18.4,0.67,1.83,0.31,16.28,1.28,215.192276,53.034664,0
13033941,17.77,0.62,5.64,0.22,18.37,0.85,215.189041,53.029859,0
13033949,18.51,0.07,3.75,0.33,15.56,1.36,215.221863,53.024181,1
13033959,18.56,0.35,2.31,0.44,17.25,1.17,215.173203,53.019882,1
13034014,18.7,0.25,5.6,0.14,10.52,0.92,215.052979,53.046841,0
13034076,18.04,0.94,0.54,0.66,15.5,0.88,215.124496,53.023132,1
13034245,18,0.62,0.84,0.1,21.43,1.12,215.104645,53.007652,1
13034285,18.09,0.45,5.1,0.48,18.95,1.01,215.075363,53.034664,0
13034350,17.76,0.93,2.21,0.56,21.68,0.91,215.087479,53.034435,0
13034352,18.33,0.79,1.08,0.38,20.03,1.17,215.07373,53.032673,0
13034371,19.89,0.61,0.14,0,11.73,1.82,215.082977,53.024269,0
13034406,18.71,0.34,0.93,0.01,17.67,1.42,215.084625,53.009789,1
13034414,18.38,0.89,1.68,0.69,10.64,0.89,215.100021,53.051598,1
13034445,18.22,0.79,2.37,0.27,18.44,1.17,215.12793,53.030041,1
13034479,19.18,0.65,0.55,0.22,13.17,1.54,215.091385,53.046227,0
13034518,18.29,0.69,0.84,0.26,18.57,1.18,215.046387,53.008942,0
13034520,18.76,0.56,1.24,0.39,13.37,1.16,215.100571,53.008038,0
13034541,18.36,1.13,0.58,0.18,15.81,1.1,215.092102,53.037388,0
13034586,18.07,0.45,1.61,0.59,20.7,1.04,215.130157,53.051311,1
13034605,18.55,0.47,5.58,0.13,14.37,1.07,215.103287,53.040321,0
13034608,19.01,0.09,4.79,0.5,10.51,1.09,215.050476,53.037884,0
13034619,17.58,0.78,4.05,0.39,22.19,0.96,215.084641,53.032356,1
13034633,17.47,0.57,1.01,0.51,14.59,0.86,215.056641,53.021835,0
13034648,19.69,0.79,0.1,0.33,11.5,1.72,215.0569,53.010292,0
13034650,17.91,0.52,3.8,0.65,26.98,1.12,215.122726,53.009888,1
13034808,19.13,0.25,4.6,0.15,15.34,1.45,214.949448,53.010735,0
13034820,18.93,0.21,5.72,0.4,13.11,1.14,214.982513,53.056473,0
13034915,19.1,0.55,0.76,0.02,21.62,1.5,214.991333,53.057869,0
13034942,18.11,0.67,1.01,0.5,16.71,0.95,214.988434,53.028023,0
13035081,19.77,0.16,0.87,0.25,12.78,1.83,214.981476,53.007137,0
13035123,17.27,1.37,1.36,0.09,41.63,1.12,215.022507,53.020969,1
13035134,18.95,0.54,1.2,0.78,11.43,1.35,215.00827,53.010868,1
13035210,19.13,0.37,1.77,0.36,25.43,1.68,215.028259,53.009281,0
13035301,19.02,0.01,3.33,0.9,18.07,1.9,214.96991,53.034557,1
13035767,17.12,0.68,1.26,0.26,28.69,0.82,214.917313,53.013966,1
13039616,19.3,0.13,5.06,0.28,16.21,1.54,215.421051,53.120705,0
13040449,18.31,0.68,3.5,0.73,13.02,0.93,215.356125,53.099758,0
13040453,18.38,0.17,6.69,0.09,11.62,0.91,215.373016,53.099121,0
13040557,18.91,0.29,4.58,0.32,10.92,1.18,215.327011,53.087955,0
13040896,19.12,0.48,0.68,0.4,14.47,1.56,215.351242,53.104481,0
13041154,18.15,0.44,4.84,0.23,23.34,1.27,215.254349,53.112411,1
13041181,18.57,0.28,3.79,0.6,13.55,1.3,215.236618,53.09692,1
13041230,19.04,0.7,2.25,0.68,24.93,1.76,215.280167,53.066631,0
13041286,18.43,0.46,1.98,0.19,12.38,0.98,215.282074,53.083904,1
13041341,18.42,0.29,5.66,0.39,17.64,1.13,215.273254,53.107906,0
13041461,18.07,0.45,3.55,0.78,11.75,0.87,215.261307,53.091286,0
13041525,18.65,0.11,4.91,0.36,10.1,1,215.301453,53.088963,1
13041671,18.05,0.67,6.09,0.41,18.6,0.98,215.236038,53.073143,1
13041974,18.94,0.41,4.25,0.26,20.59,1.6,215.160355,53.06538,0
13042060,18.59,0.07,5.47,0.23,16.91,1.26,215.193909,53.114967,1
13042152,18.38,0.43,1.66,0.42,30.85,1.42,215.216263,53.064644,0
13042162,18.55,1.17,1.57,0.33,13.78,1.16,215.203934,53.087322,0
13042206,18.29,0.58,3.33,0.51,10.69,0.89,215.187759,53.117485,1
13042211,19.48,0.33,1.58,0.32,10.72,1.63,215.188705,53.113266,0
13042371,18.07,0.22,7.48,0.5,19.41,0.99,215.13176,53.079388,1
13042380,18.11,0.34,4.76,0.61,21.07,1.02,215.180527,53.072697,0
13042477,19.12,0.23,0.83,0.76,21.89,2.15,215.048126,53.104488,1
13042860,17.8,0.36,6.77,0.17,22.94,0.98,215.080231,53.11174,1
13042940,18.96,0.46,0.49,0.12,10.74,1.26,215.108047,53.091221,1
13042974,19.38,0.67,0.62,0.75,22.54,1.78,215.105164,53.067257,0
13043062,17.14,0.34,6,0.11,16.21,0.98,215.100571,53.081329,1
13043083,17.23,0.7,5.74,0.15,32.73,0.85,215.08812,53.068943,0
13043636,18.68,0.09,5.72,0.44,14.08,1.18,215.01355,53.068729,1
13048042,19.14,0.53,1.77,0.3,18.77,1.52,215.430344,53.134132,0
13048290,18.59,0.52,1.57,0.37,11.93,1.09,215.453308,53.15662,0
13048356,19.15,0.21,4.98,0.55,14.27,1.34,215.443161,53.151409,0
13048436,18.49,0.48,6,0.51,15.32,1.34,215.429596,53.142132,1
13048571,19.19,0.86,0.5,0.54,10.17,1.28,215.488632,53.177315,0
13048620,17.75,0.52,1.31,0.38,15.02,0.86,215.422836,53.135353,1
13048761,19.33,0.39,0.1,0.36,11.82,1.52,215.413147,53.151787,0
13048898,18.58,0.27,6.49,0.18,13.63,1.03,215.328903,53.135174,1
13048916,19.55,0.87,2.53,0.8,10.03,1.53,215.337357,53.177139,0
13048981,18.25,0.9,3.85,0.75,13.17,1.08,215.340271,53.131775,0
13049041,18.97,0.16,3.4,0.8,22.35,1.6,215.379089,53.1772,0
13049123,17.65,0.65,2.5,0.47,14.25,0.82,215.326233,53.176323,0
13049154,17.86,0.78,1.6,0.69,14.82,0.86,215.3414,53.17268,0
13049356,18.11,0.55,3.71,0.55,37.03,1.25,215.242477,53.161175,0
13049607,18.4,0.37,0.32,0.69,17.36,1.19,215.261383,53.151752,1
13049737,18.43,0.93,0.41,0.6,15.64,1.19,215.237396,53.157227,1
13049901,17.94,0.44,4.51,0.04,18.94,0.89,215.276917,53.123055,1
13049927,19.31,0.01,4.08,0.57,10.5,1.28,215.177826,53.15913,0
13050004,18.11,0.55,0.9,0.66,14.68,0.95,215.150314,53.145103,0
13050119,18.99,0.37,4.63,0.32,24.64,1.57,215.214966,53.154823,0
13050133,18.51,1.24,1.77,0.79,20.09,1.09,215.133041,53.147942,0
13050413,17.89,0.92,1.54,0.5,11.27,0.84,215.187012,53.135765,0
13050433,18.79,0.66,1.68,0.4,16.99,1.29,215.190552,53.168743,0
13050447,19.62,0.16,0.94,0.73,11.66,1.67,215.183258,53.158203,0
13050478,18.36,0.66,8.3,0.26,20.48,1.28,215.219421,53.137863,1
13050512,18.18,0.92,2.91,0.55,11.11,0.81,215.175171,53.162304,1
13050520,18.23,0.62,2.63,0.38,11.84,1.02,215.217346,53.139954,1
13050545,17.6,0.28,5.34,0.25,15.54,0.81,215.182007,53.169682,1
13050827,19.54,0.12,1,0.98,13.68,1.71,215.130524,53.157887,0
13051165,18.08,0.16,5.58,0.23,28.06,1.18,215.095383,53.129608,1
13056314,19.99,0.14,3.08,0.42,11.69,1.78,215.477997,53.193722,0
13056470,18.8,0.48,1.83,0.33,10.33,1.06,215.439682,53.20562,0
13056660,19.61,0.3,2.29,0.49,13.75,1.74,215.459381,53.185776,0
13056675,18.16,1.12,1.76,0.07,15.46,1.15,215.471664,53.179096,0
13056835,18.11,1.2,0.25,0.49,16.07,1.07,215.431641,53.196033,0
13056844,17.49,0.68,1.85,0.08,18.81,0.96,215.423431,53.234512,0
13056871,18.7,0.36,3.58,0.32,10.11,0.91,215.500458,53.218685,0
13056992,19.45,0.76,1.51,0.61,10.76,1.47,215.366806,53.220608,0
13057289,19.62,0.12,4.05,0,13.41,1.81,215.372864,53.201378,0
13057370,17.88,1.84,1.83,0.38,15.05,0.95,215.387955,53.203579,0
13057459,18.16,0.22,3.61,0.43,16.97,1.03,215.327744,53.190807,1
13057480,18.44,1.27,2.2,0.68,16.13,1.11,215.408142,53.209045,0
13057505,18.26,0.19,4.77,0.23,14.87,0.99,215.324677,53.189907,0
13057508,17.01,0.98,1.16,0.39,40.74,0.98,215.40773,53.184238,0
13057554,18.17,0.7,0.27,0.43,11.21,1.01,215.405838,53.211781,1
13057673,19.32,0.34,3.25,0.57,13.25,1.47,215.320251,53.228237,0
13057724,18.87,1.73,0.85,0.84,13.52,1.09,215.29361,53.189182,0
13057793,18.76,0.31,2.69,0.26,11.8,1.06,215.266785,53.229191,0
13057910,18.19,0.65,1.7,0.17,10.42,0.89,215.308136,53.205662,1
13058049,18.93,1.44,0.34,0.76,10.46,1.04,215.292908,53.2145,0
13058065,19.37,0.22,5.13,0.38,15.47,1.69,215.307281,53.235767,0
13058080,18.36,1.64,2.55,0.58,18.42,1.13,215.291931,53.224567,0
13058137,18.67,0.29,7.04,0.48,12.63,1.2,215.239182,53.211597,1
13058162,17.49,0.38,4.48,0.32,13.45,0.89,215.291672,53.186947,1
13058210,18.71,0.25,6.91,0.22,10.37,1.17,215.318192,53.204201,1
13058659,18.74,0.51,2.57,0.23,14.47,1.21,215.221161,53.193832,0
13063686,19.61,0.06,2.39,0.35,12.19,1.69,215.442062,53.238468,0
13063750,18.67,0.1,5.5,0.49,42.79,1.85,215.422272,53.247288,0
13063870,17.78,0.54,1.79,0.35,22.57,0.93,215.431595,53.251293,0
13063989,18.49,0.49,0.63,0.05,17.18,1.16,215.353455,53.259651,1
13064044,18.57,0.43,1.66,0.1,21.05,1.27,215.413025,53.257317,0
13064111,18.99,0.44,1,0.08,13.65,1.23,215.383148,53.265701,0
13064121,18.42,0.25,4.26,0.31,21.4,1.22,215.407501,53.256588,0
13064227,18.42,0.23,4.8,0.05,19.91,1.12,215.358994,53.246536,0
13064313,17.19,0.35,4.64,0.35,45.66,1.01,215.366241,53.254475,0
13064594,17.31,0.7,4.99,0.35,30.19,0.81,215.309982,53.266045,0
13064634,17.73,0.28,7.09,0.7,22.83,0.91,215.309921,53.25869,1
13064645,18.66,0.12,6.45,0.35,12.37,1.21,215.318573,53.250759,1
13100060,19.83,0.84,0.53,0.54,10.23,1.68,214.883453,52.819065,0
13100275,18.48,0.93,1.59,0.79,34.38,1.52,214.870529,52.864906,0
13100302,19.37,0.15,3.14,0.56,13.39,1.52,214.844864,52.849339,0
13100480,18.99,0.55,0.75,0.7,21.65,1.61,215.107376,52.910202,0
13100487,19.06,0.51,0.55,0.71,21.99,1.75,215.108643,52.935062,0
13100925,19.23,1.22,1.56,0.86,15.51,1.56,215.256546,53.046658,0
13100931,18.6,0.2,5.98,0.05,19.69,1.34,215.263947,53.042198,0
13100932,19.44,0.68,0.19,0.35,12.84,1.69,215.263809,53.0429,0
13100949,19.16,0.22,0.1,0.37,16.82,1.6,215.14328,53.058075,0
13101015,18.99,0.09,5.24,0.42,15.53,1.71,215.003174,53.028095,0
13101029,18.57,0.43,2.16,0.25,11.71,1.05,215.012436,53.054768,0
13101045,17.8,0.25,2.34,0.41,35.37,1.11,214.925919,53.019421,1
13101278,19.22,1.3,1.27,0.79,20.47,1.68,215.113052,53.073627,0
13101979,17.76,0.85,0.94,0.24,16.9,0.99,214.886642,52.803055,1
13102019,17.61,0.67,2.51,0.58,11.92,0.86,214.956955,53.007061,0
13102021,16.94,1.15,2.18,0.47,33.85,0.84,215.010269,53.058617,0
13102028,17.93,0.76,5.88,0.07,12.77,0.9,215.137283,53.089458,1
14002856,18.46,0.81,0.24,0.33,40.05,1.5,215.322479,53.248005,0
14007697,18.85,0.44,3.98,0.28,12.21,1.89,215.357574,53.272987,0
14007876,18.87,0.15,4.91,0.2,20.11,1.41,215.324188,53.291809,0
14007997,17.98,0.39,4.59,0.28,18.66,0.87,215.307083,53.292236,1
14008053,18.28,0.26,7.48,0.41,14.12,0.94,215.325653,53.290066,0